{
  "config": {
    "run_name": "exp1_1_K64_L2",
    "out_dir": "./results",
    "seed": 42,
    "bs_train": 128,
    "bs_test": 32,
    "batches": 200,
    "epochs": 20,
    "early_stopping": 3,
    "checkpoints": null,
    "lr": 0.001,
    "reg": 0.001,
    "filters_per_layer": [
      64
    ],
    "layers_per_block": 2,
    "pool_every": 2,
    "hidden_dims": [
      128,
      56
    ],
    "ycn": false,
    "kw": {}
  },
  "results": {
    "num_epochs": 10,
    "train_loss": [
      1.6923226118087769,
      1.3521449565887451,
      1.211098551750183,
      1.0930122137069702,
      0.9923001527786255,
      0.9114659428596497,
      0.834258496761322,
      0.7836340665817261,
      0.7038004994392395,
      0.6445187926292419
    ],
    "train_acc": [
      38.6875,
      51.47265625,
      56.70703125,
      61.0625,
      64.7734375,
      67.7265625,
      70.640625,
      72.28515625,
      75.20703125,
      77.5
    ],
    "test_loss": [
      1.4195290803909302,
      1.276719093322754,
      1.2297000885009766,
      1.1828584671020508,
      1.1753286123275757,
      1.0900379419326782,
      1.0534141063690186,
      1.1190022230148315,
      1.1596683263778687,
      1.1632579565048218
    ],
    "test_acc": [
      48.796875,
      54.28125,
      56.875,
      58.859375,
      59.3125,
      61.625,
      63.5625,
      62.703125,
      62.265625,
      61.625
    ]
  }
}