{
  "config": {
    "run_name": "exp1_1_K32_L16",
    "out_dir": "./results",
    "seed": 42,
    "bs_train": 128,
    "bs_test": 32,
    "batches": 200,
    "epochs": 20,
    "early_stopping": 3,
    "checkpoints": null,
    "lr": 0.001,
    "reg": 0.001,
    "filters_per_layer": [
      32
    ],
    "layers_per_block": 16,
    "pool_every": 8,
    "hidden_dims": [
      128,
      56
    ],
    "ycn": false,
    "kw": {}
  },
  "results": {
    "num_epochs": 4,
    "train_loss": [
      2.3032360076904297,
      2.3027501106262207,
      2.302713632583618,
      2.3026976585388184
    ],
    "train_acc": [
      9.83984375,
      9.86328125,
      9.92578125,
      9.75
    ],
    "test_loss": [
      2.302807331085205,
      2.302741289138794,
      2.302734136581421,
      2.3027312755584717
    ],
    "test_acc": [
      9.78125,
      9.78125,
      9.78125,
      9.78125
    ]
  }
}