{
  "config": {
    "run_name": "exp1_2_L8_K258",
    "out_dir": "./results",
    "seed": 42,
    "bs_train": 50,
    "bs_test": 12,
    "batches": 10,
    "epochs": 10,
    "early_stopping": 5,
    "checkpoints": null,
    "lr": 0.001,
    "reg": 0.001,
    "filters_per_layer": [
      258
    ],
    "layers_per_block": 8,
    "pool_every": 8,
    "hidden_dims": [
      100
    ],
    "ycn": false,
    "kw": {}
  },
  "results": {
    "num_epochs": 9,
    "train_loss": [
      2.3069684505462646,
      2.3013808727264404,
      2.314692735671997,
      2.2999234199523926,
      2.299861192703247,
      2.301041841506958,
      2.3081576824188232,
      2.2978432178497314,
      2.296856641769409
    ],
    "train_acc": [
      10.000000953674316,
      7.500000476837158,
      7.500000476837158,
      10.833333969116211,
      10.000000953674316,
      7.500000476837158,
      7.500000476837158,
      7.500000476837158,
      7.500000476837158
    ],
    "test_loss": [
      2.316685438156128,
      2.3092041015625,
      2.3077645301818848,
      2.305535078048706,
      2.335320234298706,
      2.3066763877868652,
      2.305818557739258,
      2.3077938556671143,
      2.309697389602661
    ],
    "test_acc": [
      10.000000953674316,
      7.500000476837158,
      7.500000476837158,
      10.833333969116211,
      10.000000953674316,
      7.500000476837158,
      7.500000476837158,
      7.500000476837158,
      7.500000476837158
    ]
  }
}