{
  "config": {
    "run_name": "exp1_1_K32_L4",
    "out_dir": "./results",
    "seed": 42,
    "bs_train": 50,
    "bs_test": 12,
    "batches": 10,
    "epochs": 10,
    "early_stopping": 5,
    "checkpoints": null,
    "lr": 0.001,
    "reg": 0.001,
    "filters_per_layer": [
      32
    ],
    "layers_per_block": 4,
    "pool_every": 4,
    "hidden_dims": [
      100
    ],
    "ycn": false,
    "kw": {}
  },
  "results": {
    "num_epochs": 10,
    "train_loss": [
      2.3119261264801025,
      2.2949399948120117,
      2.2480227947235107,
      2.083881378173828,
      1.9374535083770752,
      1.8750135898590088,
      1.7740716934204102,
      1.6970322132110596,
      1.6301225423812866,
      1.5558055639266968
    ],
    "train_acc": [
      10.000000953674316,
      7.500000476837158,
      17.5,
      28.33333396911621,
      20.000001907348633,
      32.5,
      35.833335876464844,
      32.5,
      34.16666793823242,
      34.16666793823242
    ],
    "test_loss": [
      2.3043839931488037,
      2.290823459625244,
      2.213700771331787,
      2.007026195526123,
      2.067782402038574,
      1.9663565158843994,
      1.9748457670211792,
      2.034823179244995,
      2.0166537761688232,
      2.073397397994995
    ],
    "test_acc": [
      10.000000953674316,
      7.500000476837158,
      17.5,
      28.33333396911621,
      20.000001907348633,
      32.5,
      35.833335876464844,
      32.5,
      34.16666793823242,
      34.16666793823242
    ]
  }
}