{
  "config": {
    "run_name": "exp1_1_K32_L4",
    "out_dir": "./results",
    "seed": 42,
    "bs_train": 128,
    "bs_test": 32,
    "batches": 200,
    "epochs": 20,
    "early_stopping": 3,
    "checkpoints": null,
    "lr": 0.001,
    "reg": 0.001,
    "filters_per_layer": [
      32
    ],
    "layers_per_block": 4,
    "pool_every": 2,
    "hidden_dims": [
      128,
      56
    ],
    "ycn": false,
    "kw": {}
  },
  "results": {
    "num_epochs": 19,
    "train_loss": [
      2.001206398010254,
      1.6885161399841309,
      1.552180290222168,
      1.4505727291107178,
      1.3558552265167236,
      1.2701014280319214,
      1.1979936361312866,
      1.1324118375778198,
      1.067062497138977,
      1.0113617181777954,
      0.9518738389015198,
      0.8976934552192688,
      0.8410243988037109,
      0.7958782911300659,
      0.7573854923248291,
      0.7263935804367065,
      0.668669581413269,
      0.633317232131958,
      0.5955478549003601
    ],
    "train_acc": [
      25.9453125,
      38.17578125,
      43.12890625,
      47.19140625,
      50.76953125,
      54.1015625,
      56.98046875,
      59.6015625,
      62.02734375,
      63.9921875,
      66.21484375,
      67.93359375,
      69.98828125,
      71.79296875,
      73.08984375,
      74.0859375,
      76.16015625,
      77.7265625,
      78.94921875
    ],
    "test_loss": [
      1.79815673828125,
      1.5561063289642334,
      1.4782452583312988,
      1.405287265777588,
      1.3365800380706787,
      1.293048620223999,
      1.301731824874878,
      1.2532371282577515,
      1.1680394411087036,
      1.145730972290039,
      1.1290233135223389,
      1.1299856901168823,
      1.1063212156295776,
      1.118977427482605,
      1.1302696466445923,
      1.1277945041656494,
      1.1635860204696655,
      1.1648539304733276,
      1.2979050874710083
    ],
    "test_acc": [
      34.046875,
      41.859375,
      45.71875,
      48.828125,
      52.28125,
      53.765625,
      53.921875,
      55.96875,
      58.75,
      59.671875,
      60.109375,
      61.09375,
      62.5625,
      62.515625,
      63.09375,
      63.75,
      62.6875,
      63.140625,
      61.8125
    ]
  }
}