{
  "config": {
    "run_name": "exp1_3_L1_K64-128-256",
    "out_dir": "./results",
    "seed": 42,
    "bs_train": 128,
    "bs_test": 32,
    "batches": 100,
    "epochs": 50,
    "early_stopping": 3,
    "checkpoints": null,
    "lr": 0.001,
    "reg": 0.001,
    "filters_per_layer": [
      64,
      128,
      256
    ],
    "layers_per_block": 1,
    "pool_every": 1,
    "hidden_dims": [
      128
    ],
    "ycn": false,
    "kw": {}
  },
  "results": {
    "num_epochs": 17,
    "train_loss": [
      1.901269793510437,
      1.5570809841156006,
      1.4130935668945312,
      1.2997667789459229,
      1.2104023694992065,
      1.1324646472930908,
      1.0546741485595703,
      0.9872853755950928,
      0.9262104630470276,
      0.8758137822151184,
      0.8410260677337646,
      0.788763701915741,
      0.7173380851745605,
      0.6595973968505859,
      0.61276775598526,
      0.5665074586868286,
      0.5479505658149719
    ],
    "train_acc": [
      29.9453125,
      43.2421875,
      48.8984375,
      52.8046875,
      56.265625,
      59.5390625,
      62.359375,
      64.796875,
      67.5625,
      69.3359375,
      70.5703125,
      72.734375,
      74.8046875,
      77.453125,
      78.7734375,
      80.0859375,
      81.015625
    ],
    "test_loss": [
      1.6641631126403809,
      1.4977327585220337,
      1.387294888496399,
      1.2891803979873657,
      1.2140706777572632,
      1.176368236541748,
      1.1297380924224854,
      1.0901224613189697,
      1.0596781969070435,
      1.0655641555786133,
      1.0578769445419312,
      1.1685552597045898,
      1.0880110263824463,
      1.0805238485336304,
      1.1499581336975098,
      1.185854434967041,
      1.1684577465057373
    ],
    "test_acc": [
      40.1875,
      45.71875,
      50.03125,
      54.46875,
      55.59375,
      57.96875,
      60.09375,
      61.3125,
      62.78125,
      62.3125,
      63.1875,
      60.28125,
      62.875,
      64.875,
      63.5625,
      62.28125,
      64.59375
    ]
  }
}