{
  "config": {
    "run_name": "exp1_2_L2_K32",
    "out_dir": "./results",
    "seed": 42,
    "bs_train": 50,
    "bs_test": 12,
    "batches": 10,
    "epochs": 10,
    "early_stopping": 5,
    "checkpoints": null,
    "lr": 0.001,
    "reg": 0.001,
    "filters_per_layer": [
      32
    ],
    "layers_per_block": 2,
    "pool_every": 2,
    "hidden_dims": [
      100
    ],
    "ycn": false,
    "kw": {}
  },
  "results": {
    "num_epochs": 10,
    "train_loss": [
      2.301593780517578,
      2.210986852645874,
      2.016608953475952,
      1.8585706949234009,
      1.7186416387557983,
      1.6051998138427734,
      1.562982201576233,
      1.4305390119552612,
      1.2306005954742432,
      1.13081955909729
    ],
    "train_acc": [
      10.833333969116211,
      26.666667938232422,
      32.5,
      33.333335876464844,
      35.0,
      29.166667938232422,
      31.666667938232422,
      35.0,
      36.66666793823242,
      34.16666793823242
    ],
    "test_loss": [
      2.277358055114746,
      2.1532480716705322,
      2.0267274379730225,
      1.9708744287490845,
      2.071035861968994,
      2.1341264247894287,
      1.8498913049697876,
      1.77859628200531,
      1.820762038230896,
      1.8336960077285767
    ],
    "test_acc": [
      10.833333969116211,
      26.666667938232422,
      32.5,
      33.333335876464844,
      35.0,
      29.166667938232422,
      31.666667938232422,
      35.0,
      36.66666793823242,
      34.16666793823242
    ]
  }
}