{
  "config": {
    "run_name": "exp1_1_K32_L16",
    "out_dir": "./results",
    "seed": 42,
    "bs_train": 50,
    "bs_test": 12,
    "batches": 10,
    "epochs": 10,
    "early_stopping": 5,
    "checkpoints": null,
    "lr": 0.001,
    "reg": 0.001,
    "filters_per_layer": [
      32
    ],
    "layers_per_block": 16,
    "pool_every": 16,
    "hidden_dims": [
      100
    ],
    "ycn": false,
    "kw": {}
  },
  "results": {
    "num_epochs": 6,
    "train_loss": [
      2.313652753829956,
      2.29963755607605,
      2.295846939086914,
      2.2953715324401855,
      2.295240879058838,
      2.2951104640960693
    ],
    "train_acc": [
      10.833333969116211,
      7.500000476837158,
      7.500000476837158,
      7.500000476837158,
      7.500000476837158,
      7.500000476837158
    ],
    "test_loss": [
      2.3064284324645996,
      2.3087494373321533,
      2.312817096710205,
      2.308232307434082,
      2.308774471282959,
      2.3099915981292725
    ],
    "test_acc": [
      10.833333969116211,
      7.500000476837158,
      7.500000476837158,
      7.500000476837158,
      7.500000476837158,
      7.500000476837158
    ]
  }
}