{
  "config": {
    "run_name": "exp1_2_L4_K64",
    "out_dir": "./results",
    "seed": 42,
    "bs_train": 128,
    "bs_test": 32,
    "batches": 200,
    "epochs": 20,
    "early_stopping": 3,
    "checkpoints": null,
    "lr": 0.001,
    "reg": 0.001,
    "filters_per_layer": [
      64
    ],
    "layers_per_block": 4,
    "pool_every": 2,
    "hidden_dims": [
      128,
      56
    ],
    "ycn": false,
    "kw": {}
  },
  "results": {
    "num_epochs": 13,
    "train_loss": [
      1.8934268951416016,
      1.495588779449463,
      1.311505675315857,
      1.1661992073059082,
      1.062281847000122,
      0.9817596077919006,
      0.903512179851532,
      0.8201987743377686,
      0.7654851078987122,
      0.706642210483551,
      0.6520001292228699,
      0.6036416292190552,
      0.5445644855499268
    ],
    "train_acc": [
      29.9921875,
      45.23828125,
      52.83203125,
      57.953125,
      61.94140625,
      64.8125,
      67.7890625,
      70.80859375,
      72.6015625,
      74.83984375,
      77.03515625,
      78.71875,
      80.6328125
    ],
    "test_loss": [
      1.573661208152771,
      1.3572465181350708,
      1.2308590412139893,
      1.1538517475128174,
      1.1438521146774292,
      1.1870700120925903,
      1.161781668663025,
      1.183328628540039,
      1.132631540298462,
      1.1237246990203857,
      1.1485271453857422,
      1.2297059297561646,
      1.3282729387283325
    ],
    "test_acc": [
      41.984375,
      51.0625,
      55.4375,
      58.5,
      59.390625,
      58.03125,
      59.859375,
      60.109375,
      62.796875,
      63.28125,
      63.1875,
      61.765625,
      60.8125
    ]
  }
}