{
  "config": {
    "run_name": "exp1_1_K64_L16",
    "out_dir": "./results",
    "seed": 42,
    "bs_train": 128,
    "bs_test": 32,
    "batches": 200,
    "epochs": 20,
    "early_stopping": 3,
    "checkpoints": null,
    "lr": 0.001,
    "reg": 0.001,
    "filters_per_layer": [
      64
    ],
    "layers_per_block": 16,
    "pool_every": 8,
    "hidden_dims": [
      128,
      56
    ],
    "ycn": false,
    "kw": {}
  },
  "results": {
    "num_epochs": 4,
    "train_loss": [
      2.3033387660980225,
      2.3028104305267334,
      2.302731990814209,
      2.302706718444824
    ],
    "train_acc": [
      9.859375,
      9.82421875,
      9.76171875,
      9.546875
    ],
    "test_loss": [
      2.3027069568634033,
      2.3027312755584717,
      2.302708625793457,
      2.302706480026245
    ],
    "test_acc": [
      9.78125,
      9.78125,
      9.78125,
      9.78125
    ]
  }
}