{
  "config": {
    "run_name": "exp1_1_K32_L2",
    "out_dir": "./results",
    "seed": 42,
    "bs_train": 128,
    "bs_test": 32,
    "batches": 200,
    "epochs": 20,
    "early_stopping": 3,
    "checkpoints": null,
    "lr": 0.001,
    "reg": 0.001,
    "filters_per_layer": [
      32
    ],
    "layers_per_block": 2,
    "pool_every": 2,
    "hidden_dims": [
      128,
      56
    ],
    "ycn": false,
    "kw": {}
  },
  "results": {
    "num_epochs": 11,
    "train_loss": [
      1.772963523864746,
      1.4117439985275269,
      1.272605299949646,
      1.1701982021331787,
      1.0782172679901123,
      0.9967229962348938,
      0.9140815734863281,
      0.8455759882926941,
      0.7920292615890503,
      0.7474880218505859,
      0.6631371974945068
    ],
    "train_acc": [
      35.25390625,
      49.00390625,
      54.20703125,
      58.37890625,
      61.78125,
      64.92578125,
      67.875,
      70.41015625,
      72.11328125,
      73.63671875,
      76.7265625
    ],
    "test_loss": [
      1.5206061601638794,
      1.3324246406555176,
      1.2692469358444214,
      1.2239913940429688,
      1.1819941997528076,
      1.1483925580978394,
      1.1065828800201416,
      1.06743323802948,
      1.090468168258667,
      1.096184253692627,
      1.1671847105026245
    ],
    "test_acc": [
      45.28125,
      52.078125,
      54.328125,
      56.78125,
      58.75,
      60.53125,
      61.65625,
      62.71875,
      62.25,
      61.921875,
      61.15625
    ]
  }
}