{
  "config": {
    "run_name": "exp1_3_L4_K64-128-256",
    "out_dir": "./results",
    "seed": 42,
    "bs_train": 128,
    "bs_test": 32,
    "batches": 200,
    "epochs": 20,
    "early_stopping": 3,
    "checkpoints": null,
    "lr": 0.001,
    "reg": 0.001,
    "filters_per_layer": [
      64,
      128,
      256
    ],
    "layers_per_block": 4,
    "pool_every": 3,
    "hidden_dims": [],
    "ycn": false,
    "kw": {}
  },
  "results": {
    "num_epochs": 4,
    "train_loss": [
      2.3029212951660156,
      2.3026671409606934,
      2.3026175498962402,
      2.302591562271118
    ],
    "train_acc": [
      9.80859375,
      9.88671875,
      9.921875,
      9.96875
    ],
    "test_loss": [
      2.3026528358459473,
      2.3026552200317383,
      2.3026771545410156,
      2.302701711654663
    ],
    "test_acc": [
      9.78125,
      9.78125,
      9.78125,
      9.78125
    ]
  }
}