{
  "config": {
    "run_name": "exp1_2_L4_K64",
    "out_dir": "./results",
    "seed": 42,
    "bs_train": 50,
    "bs_test": 12,
    "batches": 10,
    "epochs": 10,
    "early_stopping": 5,
    "checkpoints": null,
    "lr": 0.001,
    "reg": 0.001,
    "filters_per_layer": [
      64
    ],
    "layers_per_block": 4,
    "pool_every": 4,
    "hidden_dims": [
      100
    ],
    "ycn": false,
    "kw": {}
  },
  "results": {
    "num_epochs": 8,
    "train_loss": [
      2.3062312602996826,
      2.2765965461730957,
      2.129324436187744,
      1.9592255353927612,
      1.8773021697998047,
      1.7680994272232056,
      1.7563467025756836,
      1.8217138051986694
    ],
    "train_acc": [
      8.333333969116211,
      15.833333969116211,
      31.666667938232422,
      21.666667938232422,
      30.833335876464844,
      30.000001907348633,
      27.500001907348633,
      21.666667938232422
    ],
    "test_loss": [
      2.2997312545776367,
      2.252126693725586,
      2.037544012069702,
      2.107988119125366,
      1.996058702468872,
      2.1978349685668945,
      2.3298537731170654,
      2.1359081268310547
    ],
    "test_acc": [
      8.333333969116211,
      15.833333969116211,
      31.666667938232422,
      21.666667938232422,
      30.833335876464844,
      30.000001907348633,
      27.500001907348633,
      21.666667938232422
    ]
  }
}