{
  "config": {
    "run_name": "exp1_2_L8_K32",
    "out_dir": "./results",
    "seed": 42,
    "bs_train": 50,
    "bs_test": 12,
    "batches": 10,
    "epochs": 10,
    "early_stopping": 5,
    "checkpoints": null,
    "lr": 0.001,
    "reg": 0.001,
    "filters_per_layer": [
      32
    ],
    "layers_per_block": 8,
    "pool_every": 8,
    "hidden_dims": [
      100
    ],
    "ycn": false,
    "kw": {}
  },
  "results": {
    "num_epochs": 6,
    "train_loss": [
      2.3108394145965576,
      2.298856019973755,
      2.296844720840454,
      2.2959964275360107,
      2.295499801635742,
      2.295771837234497
    ],
    "train_acc": [
      7.500000476837158,
      7.500000476837158,
      7.500000476837158,
      7.500000476837158,
      7.500000476837158,
      7.500000476837158
    ],
    "test_loss": [
      2.3013880252838135,
      2.3043878078460693,
      2.309481143951416,
      2.3084094524383545,
      2.308061361312866,
      2.308501958847046
    ],
    "test_acc": [
      7.500000476837158,
      7.500000476837158,
      7.500000476837158,
      7.500000476837158,
      7.500000476837158,
      7.500000476837158
    ]
  }
}