{
  "config": {
    "run_name": "exp1_2_L2_K128",
    "out_dir": "./results",
    "seed": 42,
    "bs_train": 128,
    "bs_test": 32,
    "batches": 200,
    "epochs": 20,
    "early_stopping": 3,
    "checkpoints": null,
    "lr": 0.001,
    "reg": 0.001,
    "filters_per_layer": [
      128
    ],
    "layers_per_block": 2,
    "pool_every": 2,
    "hidden_dims": [
      128,
      56
    ],
    "ycn": false,
    "kw": {}
  },
  "results": {
    "num_epochs": 12,
    "train_loss": [
      1.7864294052124023,
      1.3934080600738525,
      1.247458815574646,
      1.1518464088439941,
      1.0735355615615845,
      1.0066105127334595,
      0.9383253455162048,
      0.868189811706543,
      0.804672360420227,
      0.7458003759384155,
      0.7111697196960449,
      0.6699257493019104
    ],
    "train_acc": [
      34.67578125,
      49.640625,
      55.30078125,
      59.265625,
      62.1953125,
      64.515625,
      66.83984375,
      69.6796875,
      71.80859375,
      73.953125,
      75.30859375,
      76.4765625
    ],
    "test_loss": [
      1.4792466163635254,
      1.3195154666900635,
      1.2893253564834595,
      1.24089777469635,
      1.211590051651001,
      1.17399001121521,
      1.1788240671157837,
      1.1486458778381348,
      1.1568567752838135,
      1.2124747037887573,
      1.2072941064834595,
      1.2374080419540405
    ],
    "test_acc": [
      45.734375,
      52.90625,
      54.109375,
      56.171875,
      57.375,
      58.6875,
      59.34375,
      60.671875,
      60.828125,
      60.203125,
      60.34375,
      60.09375
    ]
  }
}