{
  "config": {
    "run_name": "exp1_1_K64_L4",
    "out_dir": "./results",
    "seed": 42,
    "bs_train": 50,
    "bs_test": 12,
    "batches": 10,
    "epochs": 10,
    "early_stopping": 5,
    "checkpoints": null,
    "lr": 0.001,
    "reg": 0.001,
    "filters_per_layer": [
      64
    ],
    "layers_per_block": 4,
    "pool_every": 4,
    "hidden_dims": [
      100
    ],
    "ycn": false,
    "kw": {}
  },
  "results": {
    "num_epochs": 9,
    "train_loss": [
      2.3062808513641357,
      2.2777507305145264,
      2.1489765644073486,
      1.9742519855499268,
      1.8567215204238892,
      1.7584651708602905,
      1.7025012969970703,
      1.6981098651885986,
      1.8382911682128906
    ],
    "train_acc": [
      8.333333969116211,
      16.666667938232422,
      27.500001907348633,
      35.0,
      30.833335876464844,
      25.000001907348633,
      27.500001907348633,
      25.83333396911621,
      23.33333396911621
    ],
    "test_loss": [
      2.2997992038726807,
      2.256035089492798,
      2.091888189315796,
      2.044981002807617,
      2.0219852924346924,
      2.1138999462127686,
      2.210078239440918,
      2.5127108097076416,
      2.043189764022827
    ],
    "test_acc": [
      8.333333969116211,
      16.666667938232422,
      27.500001907348633,
      35.0,
      30.833335876464844,
      25.000001907348633,
      27.500001907348633,
      25.83333396911621,
      23.33333396911621
    ]
  }
}