{
  "config": {
    "run_name": "exp1_2_L4_K258",
    "out_dir": "./results",
    "seed": 42,
    "bs_train": 128,
    "bs_test": 32,
    "batches": 200,
    "epochs": 20,
    "early_stopping": 3,
    "checkpoints": null,
    "lr": 0.001,
    "reg": 0.001,
    "filters_per_layer": [
      258
    ],
    "layers_per_block": 4,
    "pool_every": 2,
    "hidden_dims": [
      128,
      56
    ],
    "ycn": false,
    "kw": {}
  },
  "results": {
    "num_epochs": 13,
    "train_loss": [
      1.903200626373291,
      1.475709319114685,
      1.2476266622543335,
      1.1032984256744385,
      0.9918646216392517,
      0.9042272567749023,
      0.818152666091919,
      0.7568499445915222,
      0.6926307678222656,
      0.6290132403373718,
      0.5384035110473633,
      0.49028101563453674,
      0.44446441531181335
    ],
    "train_acc": [
      29.90234375,
      45.54296875,
      55.17578125,
      60.53515625,
      64.87109375,
      68.1328125,
      71.125,
      73.296875,
      75.1328125,
      77.69140625,
      80.94140625,
      82.4609375,
      84.1953125
    ],
    "test_loss": [
      1.5922726392745972,
      1.3112351894378662,
      1.2227057218551636,
      1.1613818407058716,
      1.0949839353561401,
      1.0291211605072021,
      0.980671763420105,
      0.9826617240905762,
      1.0307600498199463,
      1.03977632522583,
      1.1230612993240356,
      1.2355146408081055,
      1.249795913696289
    ],
    "test_acc": [
      40.875,
      51.515625,
      56.046875,
      58.921875,
      61.234375,
      63.640625,
      65.328125,
      65.890625,
      65.65625,
      66.296875,
      65.453125,
      64.625,
      65.65625
    ]
  }
}