{
  "config": {
    "run_name": "exp1_2_L2_K128",
    "out_dir": "./results",
    "seed": 42,
    "bs_train": 50,
    "bs_test": 12,
    "batches": 10,
    "epochs": 10,
    "early_stopping": 5,
    "checkpoints": null,
    "lr": 0.001,
    "reg": 0.001,
    "filters_per_layer": [
      128
    ],
    "layers_per_block": 2,
    "pool_every": 2,
    "hidden_dims": [
      100
    ],
    "ycn": false,
    "kw": {}
  },
  "results": {
    "num_epochs": 9,
    "train_loss": [
      2.368166446685791,
      2.242914915084839,
      2.0769596099853516,
      1.9422317743301392,
      1.8162533044815063,
      1.7254869937896729,
      1.6523348093032837,
      1.5568422079086304,
      1.3553001880645752
    ],
    "train_acc": [
      12.500000953674316,
      18.33333396911621,
      25.83333396911621,
      32.5,
      30.833335876464844,
      25.000001907348633,
      30.833335876464844,
      28.33333396911621,
      30.833335876464844
    ],
    "test_loss": [
      2.286085367202759,
      2.1827518939971924,
      2.061103105545044,
      2.038674831390381,
      2.0186898708343506,
      2.08941912651062,
      1.9980242252349854,
      1.9561418294906616,
      1.9675887823104858
    ],
    "test_acc": [
      12.500000953674316,
      18.33333396911621,
      25.83333396911621,
      32.5,
      30.833335876464844,
      25.000001907348633,
      30.833335876464844,
      28.33333396911621,
      30.833335876464844
    ]
  }
}