{
  "config": {
    "run_name": "exp1_2_L8_K128",
    "out_dir": "./results",
    "seed": 42,
    "bs_train": 128,
    "bs_test": 32,
    "batches": 200,
    "epochs": 20,
    "early_stopping": 3,
    "checkpoints": null,
    "lr": 0.001,
    "reg": 0.001,
    "filters_per_layer": [
      128
    ],
    "layers_per_block": 8,
    "pool_every": 2,
    "hidden_dims": [
      128,
      56
    ],
    "ycn": false,
    "kw": {}
  },
  "results": {
    "num_epochs": 4,
    "train_loss": [
      2.30326771736145,
      2.302762508392334,
      2.3027150630950928,
      2.30269455909729
    ],
    "train_acc": [
      10.12890625,
      10.02734375,
      9.921875,
      10.00390625
    ],
    "test_loss": [
      2.3026890754699707,
      2.302685260772705,
      2.3026907444000244,
      2.302694082260132
    ],
    "test_acc": [
      9.921875,
      9.78125,
      9.78125,
      9.78125
    ]
  }
}