{
  "config": {
    "run_name": "exp1_3_L2_K64-128-256",
    "out_dir": "./results",
    "seed": 42,
    "bs_train": 128,
    "bs_test": 32,
    "batches": 100,
    "epochs": 50,
    "early_stopping": 3,
    "checkpoints": null,
    "lr": 0.001,
    "reg": 0.001,
    "filters_per_layer": [
      64,
      128,
      256
    ],
    "layers_per_block": 2,
    "pool_every": 2,
    "hidden_dims": [
      128
    ],
    "ycn": false,
    "kw": {}
  },
  "results": {
    "num_epochs": 24,
    "train_loss": [
      2.3027756214141846,
      2.3011884689331055,
      2.0944302082061768,
      1.889909267425537,
      1.7336591482162476,
      1.6207338571548462,
      1.5245260000228882,
      1.4353235960006714,
      1.3423386812210083,
      1.2662039995193481,
      1.200724720954895,
      1.1458914279937744,
      1.0977697372436523,
      1.0757194757461548,
      1.0347672700881958,
      0.9791829586029053,
      0.9543860554695129,
      0.9246261119842529,
      0.8945547938346863,
      0.8626682758331299,
      0.8124529123306274,
      0.7678015828132629,
      0.7295740246772766,
      0.7066221237182617
    ],
    "train_acc": [
      10.2109375,
      10.0234375,
      22.2734375,
      31.2578125,
      36.1875,
      40.484375,
      43.921875,
      47.265625,
      50.90625,
      54.25,
      56.8359375,
      58.6015625,
      60.375,
      61.25,
      63.0625,
      65.1953125,
      65.8984375,
      66.7421875,
      68.0546875,
      69.1796875,
      70.7109375,
      72.3984375,
      73.90625,
      74.796875
    ],
    "test_loss": [
      2.3028275966644287,
      2.300657033920288,
      1.967042326927185,
      1.8862416744232178,
      1.744779109954834,
      1.6237424612045288,
      1.505047082901001,
      1.4039192199707031,
      1.3408347368240356,
      1.301606297492981,
      1.2706941366195679,
      1.2221026420593262,
      1.1792068481445312,
      1.1841555833816528,
      1.144020676612854,
      1.1239274740219116,
      1.122588038444519,
      1.1174174547195435,
      1.1389739513397217,
      1.135417103767395,
      1.1210805177688599,
      1.1297458410263062,
      1.129734992980957,
      1.164411187171936
    ],
    "test_acc": [
      9.625,
      12.46875,
      30.40625,
      32.5,
      36.8125,
      40.9375,
      45.09375,
      48.90625,
      51.625,
      52.9375,
      54.3125,
      55.96875,
      57.25,
      57.21875,
      58.78125,
      59.65625,
      59.625,
      59.875,
      60.53125,
      60.78125,
      61.65625,
      61.15625,
      61.40625,
      61.625
    ]
  }
}