{
  "config": {
    "run_name": "exp1_2_L2_K64",
    "out_dir": "./results",
    "seed": 42,
    "bs_train": 128,
    "bs_test": 32,
    "batches": 200,
    "epochs": 20,
    "early_stopping": 3,
    "checkpoints": null,
    "lr": 0.001,
    "reg": 0.001,
    "filters_per_layer": [
      64
    ],
    "layers_per_block": 2,
    "pool_every": 2,
    "hidden_dims": [
      128,
      56
    ],
    "ycn": false,
    "kw": {}
  },
  "results": {
    "num_epochs": 10,
    "train_loss": [
      1.6858770847320557,
      1.3407458066940308,
      1.196825385093689,
      1.0854768753051758,
      0.9831744432449341,
      0.8965539932250977,
      0.8216345310211182,
      0.7597212791442871,
      0.7028430700302124,
      0.653235912322998
    ],
    "train_acc": [
      38.7890625,
      51.74609375,
      57.33984375,
      61.3359375,
      65.14453125,
      68.41015625,
      71.1953125,
      73.13671875,
      75.51953125,
      77.03125
    ],
    "test_loss": [
      1.3889058828353882,
      1.2740800380706787,
      1.2137819528579712,
      1.1758548021316528,
      1.1235785484313965,
      1.0637271404266357,
      1.082482933998108,
      1.0938234329223633,
      1.1443852186203003,
      1.1608550548553467
    ],
    "test_acc": [
      50.03125,
      54.515625,
      57.125,
      59.453125,
      61.328125,
      62.515625,
      62.6875,
      62.3125,
      61.46875,
      61.375
    ]
  }
}