{
  "config": {
    "run_name": "exp1_2_L2_K32",
    "out_dir": "./results",
    "seed": 42,
    "bs_train": 128,
    "bs_test": 32,
    "batches": 200,
    "epochs": 20,
    "early_stopping": 3,
    "checkpoints": null,
    "lr": 0.001,
    "reg": 0.001,
    "filters_per_layer": [
      32
    ],
    "layers_per_block": 2,
    "pool_every": 2,
    "hidden_dims": [
      128,
      56
    ],
    "ycn": false,
    "kw": {}
  },
  "results": {
    "num_epochs": 11,
    "train_loss": [
      1.770432710647583,
      1.3999651670455933,
      1.263315200805664,
      1.1606851816177368,
      1.0677675008773804,
      0.9818492531776428,
      0.9008235931396484,
      0.828812837600708,
      0.7863903641700745,
      0.7332720160484314,
      0.667755663394928
    ],
    "train_acc": [
      35.38671875,
      49.3828125,
      54.5625,
      58.56640625,
      62.046875,
      65.41015625,
      68.48046875,
      70.91796875,
      72.24609375,
      74.25390625,
      76.73046875
    ],
    "test_loss": [
      1.5003026723861694,
      1.3341314792633057,
      1.263357400894165,
      1.211963415145874,
      1.1449954509735107,
      1.1037838459014893,
      1.0680477619171143,
      1.0647547245025635,
      1.1223530769348145,
      1.1093333959579468,
      1.1385074853897095
    ],
    "test_acc": [
      45.84375,
      52.03125,
      55.0,
      57.296875,
      59.734375,
      61.28125,
      62.609375,
      63.328125,
      61.671875,
      62.25,
      61.9375
    ]
  }
}