{
  "config": {
    "run_name": "exp1_2_L2_K258",
    "out_dir": "./results",
    "seed": 42,
    "bs_train": 50,
    "bs_test": 12,
    "batches": 10,
    "epochs": 10,
    "early_stopping": 5,
    "checkpoints": null,
    "lr": 0.001,
    "reg": 0.001,
    "filters_per_layer": [
      258
    ],
    "layers_per_block": 2,
    "pool_every": 2,
    "hidden_dims": [
      100
    ],
    "ycn": false,
    "kw": {}
  },
  "results": {
    "num_epochs": 8,
    "train_loss": [
      2.637765645980835,
      2.186683416366577,
      2.0593998432159424,
      1.881967544555664,
      1.7584730386734009,
      1.6060577630996704,
      1.51217782497406,
      1.3099644184112549
    ],
    "train_acc": [
      22.500001907348633,
      19.166667938232422,
      35.833335876464844,
      32.5,
      30.000001907348633,
      25.000001907348633,
      32.5,
      28.33333396911621
    ],
    "test_loss": [
      2.2702651023864746,
      2.132925510406494,
      1.9846056699752808,
      2.0344786643981934,
      2.019007921218872,
      2.0807158946990967,
      1.928823709487915,
      2.055999755859375
    ],
    "test_acc": [
      22.500001907348633,
      19.166667938232422,
      35.833335876464844,
      32.5,
      30.000001907348633,
      25.000001907348633,
      32.5,
      28.33333396911621
    ]
  }
}