{
  "config": {
    "run_name": "exp1_2_L4_K128",
    "out_dir": "./results",
    "seed": 42,
    "bs_train": 50,
    "bs_test": 12,
    "batches": 10,
    "epochs": 10,
    "early_stopping": 5,
    "checkpoints": null,
    "lr": 0.001,
    "reg": 0.001,
    "filters_per_layer": [
      128
    ],
    "layers_per_block": 4,
    "pool_every": 4,
    "hidden_dims": [
      100
    ],
    "ycn": false,
    "kw": {}
  },
  "results": {
    "num_epochs": 10,
    "train_loss": [
      2.299036979675293,
      2.2202067375183105,
      2.0352909564971924,
      1.9434269666671753,
      1.6861904859542847,
      1.516290545463562,
      1.409238576889038,
      1.38693368434906,
      1.1513251066207886,
      1.0739139318466187
    ],
    "train_acc": [
      12.500000953674316,
      18.33333396911621,
      23.33333396911621,
      27.500001907348633,
      36.66666793823242,
      30.833335876464844,
      29.166667938232422,
      32.5,
      35.833335876464844,
      29.166667938232422
    ],
    "test_loss": [
      2.2817304134368896,
      2.1874587535858154,
      2.252950429916382,
      2.102999210357666,
      2.000502824783325,
      2.2658722400665283,
      2.419351816177368,
      2.413830280303955,
      2.4189629554748535,
      2.3334827423095703
    ],
    "test_acc": [
      12.500000953674316,
      18.33333396911621,
      23.33333396911621,
      27.500001907348633,
      36.66666793823242,
      30.833335876464844,
      29.166667938232422,
      32.5,
      35.833335876464844,
      29.166667938232422
    ]
  }
}