{
  "config": {
    "run_name": "exp1_2_L4_K32",
    "out_dir": "./results",
    "seed": 42,
    "bs_train": 128,
    "bs_test": 32,
    "batches": 200,
    "epochs": 20,
    "early_stopping": 3,
    "checkpoints": null,
    "lr": 0.001,
    "reg": 0.001,
    "filters_per_layer": [
      32
    ],
    "layers_per_block": 4,
    "pool_every": 2,
    "hidden_dims": [
      128,
      56
    ],
    "ycn": false,
    "kw": {}
  },
  "results": {
    "num_epochs": 20,
    "train_loss": [
      2.0015616416931152,
      1.7034833431243896,
      1.550616979598999,
      1.4412438869476318,
      1.3548954725265503,
      1.2629432678222656,
      1.1767566204071045,
      1.1057246923446655,
      1.0455998182296753,
      0.9738638997077942,
      0.9096682667732239,
      0.8664647340774536,
      0.8239427804946899,
      0.7510409951210022,
      0.7248668670654297,
      0.7033200860023499,
      0.6554720401763916,
      0.6108461022377014,
      0.5597598552703857,
      0.5385643839836121
    ],
    "train_acc": [
      26.1328125,
      37.8125,
      43.33203125,
      47.4296875,
      51.1015625,
      54.43359375,
      57.8203125,
      60.48046875,
      62.88671875,
      65.4296875,
      67.7109375,
      69.08984375,
      70.66015625,
      73.390625,
      74.32421875,
      75.12109375,
      76.765625,
      78.0859375,
      79.91796875,
      80.703125
    ],
    "test_loss": [
      1.8338549137115479,
      1.5784975290298462,
      1.474242091178894,
      1.4014904499053955,
      1.3648236989974976,
      1.2990810871124268,
      1.2342190742492676,
      1.2059513330459595,
      1.158161997795105,
      1.1259316205978394,
      1.1101661920547485,
      1.105478286743164,
      1.1080069541931152,
      1.1294572353363037,
      1.1709578037261963,
      1.1645424365997314,
      1.153958797454834,
      1.203881025314331,
      1.3014577627182007,
      1.342755913734436
    ],
    "test_acc": [
      33.046875,
      41.625,
      45.75,
      48.6875,
      50.1875,
      53.171875,
      56.3125,
      56.796875,
      59.546875,
      60.484375,
      62.203125,
      62.71875,
      63.0,
      63.0,
      63.09375,
      63.140625,
      63.78125,
      63.046875,
      61.21875,
      61.65625
    ]
  }
}