{
  "config": {
    "run_name": "exp1_1_K64_L8",
    "out_dir": "./results",
    "seed": 42,
    "bs_train": 128,
    "bs_test": 32,
    "batches": 200,
    "epochs": 20,
    "early_stopping": 3,
    "checkpoints": null,
    "lr": 0.001,
    "reg": 0.001,
    "filters_per_layer": [
      64
    ],
    "layers_per_block": 8,
    "pool_every": 2,
    "hidden_dims": [
      128,
      56
    ],
    "ycn": false,
    "kw": {}
  },
  "results": {
    "num_epochs": 4,
    "train_loss": [
      2.3031210899353027,
      2.302767038345337,
      2.302719831466675,
      2.3026933670043945
    ],
    "train_acc": [
      9.94140625,
      9.75390625,
      9.6328125,
      9.55078125
    ],
    "test_loss": [
      2.302762746810913,
      2.3027162551879883,
      2.302706480026245,
      2.3027026653289795
    ],
    "test_acc": [
      9.78125,
      9.78125,
      9.78125,
      9.78125
    ]
  }
}