{
  "config": {
    "run_name": "exp1_2_L4_K128",
    "out_dir": "./results",
    "seed": 42,
    "bs_train": 128,
    "bs_test": 32,
    "batches": 200,
    "epochs": 20,
    "early_stopping": 3,
    "checkpoints": null,
    "lr": 0.001,
    "reg": 0.001,
    "filters_per_layer": [
      128
    ],
    "layers_per_block": 4,
    "pool_every": 2,
    "hidden_dims": [
      128,
      56
    ],
    "ycn": false,
    "kw": {}
  },
  "results": {
    "num_epochs": 14,
    "train_loss": [
      1.8744159936904907,
      1.472766399383545,
      1.3077987432479858,
      1.1731715202331543,
      1.0571563243865967,
      0.9610896110534668,
      0.8745686411857605,
      0.8106807470321655,
      0.7584932446479797,
      0.6981664299964905,
      0.6354044079780579,
      0.5799492001533508,
      0.5562475919723511,
      0.49472567439079285
    ],
    "train_acc": [
      30.55859375,
      46.078125,
      52.44140625,
      57.73828125,
      62.484375,
      65.79296875,
      68.984375,
      71.23828125,
      73.203125,
      75.3203125,
      77.625,
      79.50390625,
      80.3125,
      82.58203125
    ],
    "test_loss": [
      1.5725910663604736,
      1.3382424116134644,
      1.2361525297164917,
      1.1823253631591797,
      1.0858337879180908,
      1.0553474426269531,
      1.0611522197723389,
      1.0726109743118286,
      1.1132694482803345,
      1.1234264373779297,
      1.0944037437438965,
      1.2733705043792725,
      1.3198974132537842,
      1.2727776765823364
    ],
    "test_acc": [
      41.390625,
      50.921875,
      55.8125,
      57.90625,
      61.625,
      63.0,
      62.890625,
      63.078125,
      61.59375,
      62.859375,
      64.53125,
      62.078125,
      62.0625,
      63.21875
    ]
  }
}