{
  "config": {
    "run_name": "exp1_2_L8_K128",
    "out_dir": "./results",
    "seed": 42,
    "bs_train": 50,
    "bs_test": 12,
    "batches": 10,
    "epochs": 10,
    "early_stopping": 5,
    "checkpoints": null,
    "lr": 0.001,
    "reg": 0.001,
    "filters_per_layer": [
      128
    ],
    "layers_per_block": 8,
    "pool_every": 8,
    "hidden_dims": [
      100
    ],
    "ycn": false,
    "kw": {}
  },
  "results": {
    "num_epochs": 6,
    "train_loss": [
      2.3053338527679443,
      2.299959897994995,
      2.2993075847625732,
      2.296163558959961,
      2.2954061031341553,
      2.295178174972534
    ],
    "train_acc": [
      10.000000953674316,
      7.500000476837158,
      7.500000476837158,
      7.500000476837158,
      7.500000476837158,
      7.500000476837158
    ],
    "test_loss": [
      2.306941509246826,
      2.309282064437866,
      2.309335231781006,
      2.309941530227661,
      2.3092503547668457,
      2.3084876537323
    ],
    "test_acc": [
      10.000000953674316,
      7.500000476837158,
      7.500000476837158,
      7.500000476837158,
      7.500000476837158,
      7.500000476837158
    ]
  }
}