{
  "config": {
    "run_name": "exp1_2_L8_K64",
    "out_dir": "./results",
    "seed": 42,
    "bs_train": 128,
    "bs_test": 32,
    "batches": 200,
    "epochs": 20,
    "early_stopping": 3,
    "checkpoints": null,
    "lr": 0.001,
    "reg": 0.001,
    "filters_per_layer": [
      64
    ],
    "layers_per_block": 8,
    "pool_every": 2,
    "hidden_dims": [
      128,
      56
    ],
    "ycn": false,
    "kw": {}
  },
  "results": {
    "num_epochs": 4,
    "train_loss": [
      2.3031198978424072,
      2.302767515182495,
      2.302720546722412,
      2.3026938438415527
    ],
    "train_acc": [
      9.94140625,
      9.72265625,
      9.6328125,
      9.578125
    ],
    "test_loss": [
      2.302762746810913,
      2.30271577835083,
      2.302706480026245,
      2.3027031421661377
    ],
    "test_acc": [
      9.78125,
      9.78125,
      9.78125,
      9.78125
    ]
  }
}