{
  "config": {
    "run_name": "exp1_1_K32_L2",
    "out_dir": "./results",
    "seed": 42,
    "bs_train": 50,
    "bs_test": 12,
    "batches": 10,
    "epochs": 10,
    "early_stopping": 5,
    "checkpoints": null,
    "lr": 0.001,
    "reg": 0.001,
    "filters_per_layer": [
      32
    ],
    "layers_per_block": 2,
    "pool_every": 2,
    "hidden_dims": [
      100
    ],
    "ycn": false,
    "kw": {}
  },
  "results": {
    "num_epochs": 10,
    "train_loss": [
      2.301593780517578,
      2.21097993850708,
      2.0164172649383545,
      1.8576182126998901,
      1.717471718788147,
      1.597931146621704,
      1.5531187057495117,
      1.4444410800933838,
      1.2412828207015991,
      1.132817268371582
    ],
    "train_acc": [
      10.833333969116211,
      26.666667938232422,
      32.5,
      33.333335876464844,
      35.833335876464844,
      28.33333396911621,
      29.166667938232422,
      37.500003814697266,
      34.16666793823242,
      32.5
    ],
    "test_loss": [
      2.277357816696167,
      2.15323805809021,
      2.022979259490967,
      1.9686037302017212,
      2.0612399578094482,
      2.1232969760894775,
      1.8728764057159424,
      1.774958610534668,
      1.8150485754013062,
      1.8339309692382812
    ],
    "test_acc": [
      10.833333969116211,
      26.666667938232422,
      32.5,
      33.333335876464844,
      35.833335876464844,
      28.33333396911621,
      29.166667938232422,
      37.500003814697266,
      34.16666793823242,
      32.5
    ]
  }
}