{
  "config": {
    "run_name": "exp1_2_L2_K64",
    "out_dir": "./results",
    "seed": 42,
    "bs_train": 50,
    "bs_test": 12,
    "batches": 10,
    "epochs": 10,
    "early_stopping": 5,
    "checkpoints": null,
    "lr": 0.001,
    "reg": 0.001,
    "filters_per_layer": [
      64
    ],
    "layers_per_block": 2,
    "pool_every": 2,
    "hidden_dims": [
      100
    ],
    "ycn": false,
    "kw": {}
  },
  "results": {
    "num_epochs": 10,
    "train_loss": [
      2.301732301712036,
      2.1951959133148193,
      1.9458194971084595,
      1.7357720136642456,
      1.5416756868362427,
      1.4457579851150513,
      1.34196937084198,
      1.0367828607559204,
      0.8637917637825012,
      0.6913864016532898
    ],
    "train_acc": [
      9.166666984558105,
      16.666667938232422,
      26.666667938232422,
      30.000001907348633,
      25.83333396911621,
      33.333335876464844,
      40.833335876464844,
      34.16666793823242,
      37.500003814697266,
      38.333335876464844
    ],
    "test_loss": [
      2.275177001953125,
      2.16605544090271,
      2.0283114910125732,
      1.9902641773223877,
      2.050891160964966,
      1.8696918487548828,
      1.859318733215332,
      1.9151992797851562,
      1.8835258483886719,
      2.0052812099456787
    ],
    "test_acc": [
      9.166666984558105,
      16.666667938232422,
      26.666667938232422,
      30.000001907348633,
      25.83333396911621,
      33.333335876464844,
      40.833335876464844,
      34.16666793823242,
      37.500003814697266,
      38.333335876464844
    ]
  }
}