{
  "config": {
    "run_name": "exp1_1_K64_L2",
    "out_dir": "./results",
    "seed": 42,
    "bs_train": 50,
    "bs_test": 12,
    "batches": 10,
    "epochs": 10,
    "early_stopping": 5,
    "checkpoints": null,
    "lr": 0.001,
    "reg": 0.001,
    "filters_per_layer": [
      64
    ],
    "layers_per_block": 2,
    "pool_every": 2,
    "hidden_dims": [
      100
    ],
    "ycn": false,
    "kw": {}
  },
  "results": {
    "num_epochs": 10,
    "train_loss": [
      2.301732301712036,
      2.1951963901519775,
      1.9459905624389648,
      1.7369869947433472,
      1.5465868711471558,
      1.4396096467971802,
      1.3175452947616577,
      1.0688306093215942,
      0.8885418176651001,
      0.7002994418144226
    ],
    "train_acc": [
      9.166666984558105,
      16.666667938232422,
      27.500001907348633,
      30.000001907348633,
      25.83333396911621,
      33.333335876464844,
      32.5,
      32.5,
      37.500003814697266,
      39.16666793823242
    ],
    "test_loss": [
      2.275177001953125,
      2.1660563945770264,
      2.02571439743042,
      1.9914438724517822,
      2.034170389175415,
      1.876443862915039,
      1.879734992980957,
      1.8649622201919556,
      1.8404308557510376,
      1.9693682193756104
    ],
    "test_acc": [
      9.166666984558105,
      16.666667938232422,
      27.500001907348633,
      30.000001907348633,
      25.83333396911621,
      33.333335876464844,
      32.5,
      32.5,
      37.500003814697266,
      39.16666793823242
    ]
  }
}