{
  "config": {
    "run_name": "exp1_2_L2_K258",
    "out_dir": "./results",
    "seed": 42,
    "bs_train": 128,
    "bs_test": 32,
    "batches": 200,
    "epochs": 20,
    "early_stopping": 3,
    "checkpoints": null,
    "lr": 0.001,
    "reg": 0.001,
    "filters_per_layer": [
      258
    ],
    "layers_per_block": 2,
    "pool_every": 2,
    "hidden_dims": [
      128,
      56
    ],
    "ycn": false,
    "kw": {}
  },
  "results": {
    "num_epochs": 11,
    "train_loss": [
      1.7275630235671997,
      1.333872675895691,
      1.1755629777908325,
      1.0666966438293457,
      0.9866459369659424,
      0.8868444561958313,
      0.7989012002944946,
      0.7320566177368164,
      0.6630894541740417,
      0.6046529412269592,
      0.5464651584625244
    ],
    "train_acc": [
      37.33984375,
      52.05859375,
      58.25390625,
      62.3046875,
      65.06640625,
      68.71484375,
      72.125,
      74.30859375,
      76.828125,
      78.921875,
      80.72265625
    ],
    "test_loss": [
      1.4224261045455933,
      1.260500431060791,
      1.2047101259231567,
      1.1982604265213013,
      1.2059695720672607,
      1.158272385597229,
      1.2340370416641235,
      1.1274734735488892,
      1.2292943000793457,
      1.2071418762207031,
      1.2881594896316528
    ],
    "test_acc": [
      48.578125,
      55.015625,
      57.296875,
      58.015625,
      58.921875,
      60.359375,
      58.984375,
      62.078125,
      60.21875,
      61.390625,
      59.90625
    ]
  }
}