{
  "config": {
    "run_name": "exp1_2_L8_K32",
    "out_dir": "./results",
    "seed": 42,
    "bs_train": 128,
    "bs_test": 32,
    "batches": 200,
    "epochs": 20,
    "early_stopping": 3,
    "checkpoints": null,
    "lr": 0.001,
    "reg": 0.001,
    "filters_per_layer": [
      32
    ],
    "layers_per_block": 8,
    "pool_every": 2,
    "hidden_dims": [
      128,
      56
    ],
    "ycn": false,
    "kw": {}
  },
  "results": {
    "num_epochs": 4,
    "train_loss": [
      2.303405284881592,
      2.3028218746185303,
      2.302762508392334,
      2.302729368209839
    ],
    "train_acc": [
      10.05078125,
      9.7265625,
      9.75390625,
      9.796875
    ],
    "test_loss": [
      2.302856206893921,
      2.302772283554077,
      2.3027517795562744,
      2.302743673324585
    ],
    "test_acc": [
      9.78125,
      9.78125,
      9.78125,
      9.78125
    ]
  }
}