{
  "config": {
    "run_name": "exp1_2_L4_K258",
    "out_dir": "./results",
    "seed": 42,
    "bs_train": 50,
    "bs_test": 12,
    "batches": 10,
    "epochs": 10,
    "early_stopping": 5,
    "checkpoints": null,
    "lr": 0.001,
    "reg": 0.001,
    "filters_per_layer": [
      258
    ],
    "layers_per_block": 4,
    "pool_every": 4,
    "hidden_dims": [
      100
    ],
    "ycn": false,
    "kw": {}
  },
  "results": {
    "num_epochs": 10,
    "train_loss": [
      2.3538403511047363,
      2.271000623703003,
      2.086047887802124,
      1.952670931816101,
      1.7982730865478516,
      1.7155252695083618,
      1.6352163553237915,
      1.5825432538986206,
      1.4761632680892944,
      1.4179857969284058
    ],
    "train_acc": [
      10.000000953674316,
      18.33333396911621,
      25.83333396911621,
      31.666667938232422,
      33.333335876464844,
      31.666667938232422,
      30.000001907348633,
      34.16666793823242,
      34.16666793823242,
      34.16666793823242
    ],
    "test_loss": [
      2.3081021308898926,
      2.209036350250244,
      2.134127616882324,
      2.0515496730804443,
      2.064218282699585,
      2.034505605697632,
      2.1759395599365234,
      2.1617889404296875,
      2.1747348308563232,
      2.2735464572906494
    ],
    "test_acc": [
      10.000000953674316,
      18.33333396911621,
      25.83333396911621,
      31.666667938232422,
      33.333335876464844,
      31.666667938232422,
      30.000001907348633,
      34.16666793823242,
      34.16666793823242,
      34.16666793823242
    ]
  }
}