{
  "config": {
    "run_name": "exp1_2_L4_K32",
    "out_dir": "./results",
    "seed": 42,
    "bs_train": 50,
    "bs_test": 12,
    "batches": 10,
    "epochs": 10,
    "early_stopping": 5,
    "checkpoints": null,
    "lr": 0.001,
    "reg": 0.001,
    "filters_per_layer": [
      32
    ],
    "layers_per_block": 4,
    "pool_every": 4,
    "hidden_dims": [
      100
    ],
    "ycn": false,
    "kw": {}
  },
  "results": {
    "num_epochs": 10,
    "train_loss": [
      2.311929225921631,
      2.294851303100586,
      2.2497775554656982,
      2.0897305011749268,
      1.9440500736236572,
      1.8731263875961304,
      1.7859013080596924,
      1.7049938440322876,
      1.6471575498580933,
      1.5718671083450317
    ],
    "train_acc": [
      10.000000953674316,
      7.500000476837158,
      16.666667938232422,
      29.166667938232422,
      24.166667938232422,
      30.833335876464844,
      33.333335876464844,
      30.833335876464844,
      36.66666793823242,
      34.16666793823242
    ],
    "test_loss": [
      2.304323196411133,
      2.291245222091675,
      2.2178943157196045,
      2.011889696121216,
      2.0549864768981934,
      1.9965384006500244,
      1.966384768486023,
      2.011528253555298,
      1.9822887182235718,
      2.0368831157684326
    ],
    "test_acc": [
      10.000000953674316,
      7.500000476837158,
      16.666667938232422,
      29.166667938232422,
      24.166667938232422,
      30.833335876464844,
      33.333335876464844,
      30.833335876464844,
      36.66666793823242,
      34.16666793823242
    ]
  }
}