{
  "config": {
    "run_name": "exp1_1_K64_L4",
    "out_dir": "./results",
    "seed": 42,
    "bs_train": 128,
    "bs_test": 32,
    "batches": 200,
    "epochs": 20,
    "early_stopping": 3,
    "checkpoints": null,
    "lr": 0.001,
    "reg": 0.001,
    "filters_per_layer": [
      64
    ],
    "layers_per_block": 4,
    "pool_every": 2,
    "hidden_dims": [
      128,
      56
    ],
    "ycn": false,
    "kw": {}
  },
  "results": {
    "num_epochs": 12,
    "train_loss": [
      1.902935266494751,
      1.5050878524780273,
      1.3057986497879028,
      1.1828888654708862,
      1.0801599025726318,
      0.9910409450531006,
      0.9094190001487732,
      0.8328863382339478,
      0.7683413028717041,
      0.7168173789978027,
      0.6853344440460205,
      0.6264458298683167
    ],
    "train_acc": [
      29.8203125,
      44.87109375,
      52.65625,
      57.51171875,
      61.32421875,
      64.66015625,
      67.73046875,
      70.359375,
      72.98828125,
      74.63671875,
      75.640625,
      77.80859375
    ],
    "test_loss": [
      1.5852457284927368,
      1.3521887063980103,
      1.233001708984375,
      1.2330750226974487,
      1.1126607656478882,
      1.1388543844223022,
      1.1040678024291992,
      1.1148921251296997,
      1.071094036102295,
      1.1295051574707031,
      1.1854828596115112,
      1.3309913873672485
    ],
    "test_acc": [
      41.765625,
      51.484375,
      55.4375,
      55.65625,
      59.703125,
      59.0625,
      60.359375,
      61.046875,
      64.25,
      63.078125,
      63.21875,
      61.609375
    ]
  }
}