{
  "config": {
    "run_name": "exp1_2_L8_K64",
    "out_dir": "./results",
    "seed": 42,
    "bs_train": 50,
    "bs_test": 12,
    "batches": 10,
    "epochs": 10,
    "early_stopping": 5,
    "checkpoints": null,
    "lr": 0.001,
    "reg": 0.001,
    "filters_per_layer": [
      64
    ],
    "layers_per_block": 8,
    "pool_every": 8,
    "hidden_dims": [
      100
    ],
    "ycn": false,
    "kw": {}
  },
  "results": {
    "num_epochs": 6,
    "train_loss": [
      2.3167526721954346,
      2.3007187843322754,
      2.2977688312530518,
      2.295938014984131,
      2.295289993286133,
      2.2954165935516357
    ],
    "train_acc": [
      7.500000476837158,
      7.500000476837158,
      7.500000476837158,
      7.500000476837158,
      7.500000476837158,
      7.500000476837158
    ],
    "test_loss": [
      2.311178684234619,
      2.3092668056488037,
      2.3094804286956787,
      2.3100669384002686,
      2.3088996410369873,
      2.3093626499176025
    ],
    "test_acc": [
      7.500000476837158,
      7.500000476837158,
      7.500000476837158,
      7.500000476837158,
      7.500000476837158,
      7.500000476837158
    ]
  }
}