{
  "config": {
    "run_name": "exp1_1_K32_L8",
    "out_dir": "./results",
    "seed": 42,
    "bs_train": 50,
    "bs_test": 12,
    "batches": 10,
    "epochs": 10,
    "early_stopping": 5,
    "checkpoints": null,
    "lr": 0.001,
    "reg": 0.001,
    "filters_per_layer": [
      32
    ],
    "layers_per_block": 8,
    "pool_every": 8,
    "hidden_dims": [
      100
    ],
    "ycn": false,
    "kw": {}
  },
  "results": {
    "num_epochs": 6,
    "train_loss": [
      2.3108394145965576,
      2.2988574504852295,
      2.296863317489624,
      2.295987367630005,
      2.2954976558685303,
      2.295769214630127
    ],
    "train_acc": [
      7.500000476837158,
      7.500000476837158,
      7.500000476837158,
      7.500000476837158,
      7.500000476837158,
      7.500000476837158
    ],
    "test_loss": [
      2.3013882637023926,
      2.3043878078460693,
      2.3095040321350098,
      2.308377265930176,
      2.308072805404663,
      2.3084981441497803
    ],
    "test_acc": [
      7.500000476837158,
      7.500000476837158,
      7.500000476837158,
      7.500000476837158,
      7.500000476837158,
      7.500000476837158
    ]
  }
}