{
  "config": {
    "run_name": "exp1_3_L3_K64-128-256",
    "out_dir": "./results",
    "seed": 42,
    "bs_train": 128,
    "bs_test": 32,
    "batches": 100,
    "epochs": 20,
    "early_stopping": 3,
    "checkpoints": null,
    "lr": 0.001,
    "reg": 0.001,
    "filters_per_layer": [
      64,
      128,
      256
    ],
    "layers_per_block": 3,
    "pool_every": 2,
    "hidden_dims": [
      128
    ],
    "ycn": false,
    "kw": {}
  },
  "results": {
    "num_epochs": 4,
    "train_loss": [
      2.3031883239746094,
      2.302700996398926,
      2.3025898933410645,
      2.3025412559509277
    ],
    "train_acc": [
      10.046875,
      10.3515625,
      10.3515625,
      10.3515625
    ],
    "test_loss": [
      2.303169012069702,
      2.3029119968414307,
      2.3027725219726562,
      2.302722930908203
    ],
    "test_acc": [
      10.125,
      10.125,
      10.125,
      10.125
    ]
  }
}