{
  "config": {
    "run_name": "exp2_L3_K64-128-256-512",
    "out_dir": "./results",
    "seed": 42,
    "bs_train": 150,
    "bs_test": 37,
    "batches": 100,
    "epochs": 50,
    "early_stopping": 3,
    "checkpoints": null,
    "lr": 0.001,
    "reg": 0.001,
    "filters_per_layer": [
      64,
      128,
      256,
      512
    ],
    "layers_per_block": 3,
    "pool_every": 3,
    "hidden_dims": [
      128
    ],
    "ycn": true,
    "kw": {}
  },
  "results": {
    "num_epochs": 9,
    "train_loss": [
      1.9708662033081055,
      1.5298521518707275,
      1.2332720756530762,
      1.0044045448303223,
      0.8405671715736389,
      0.7132321000099182,
      0.614964485168457,
      0.542792797088623,
      0.47624146938323975
    ],
    "train_acc": [
      27.059999465942383,
      42.15999984741211,
      54.84000015258789,
      63.619998931884766,
      69.95333099365234,
      74.6933364868164,
      78.52666473388672,
      80.93333435058594,
      83.12000274658203
    ],
    "test_loss": [
      2.0054609775543213,
      1.6597142219543457,
      1.3388843536376953,
      1.389992356300354,
      1.1666990518569946,
      0.9051592946052551,
      1.162018895149231,
      1.1706076860427856,
      1.2375092506408691
    ],
    "test_acc": [
      26.756757736206055,
      40.378379821777344,
      52.43243408203125,
      52.27027130126953,
      58.16216278076172,
      67.59459686279297,
      61.83784103393555,
      61.08108139038086,
      61.4594612121582
    ]
  }
}