{
  "config": {
    "run_name": "exp2_L4_K64-128-256-512",
    "out_dir": "./results",
    "seed": 42,
    "bs_train": 150,
    "bs_test": 37,
    "batches": 100,
    "epochs": 50,
    "early_stopping": 3,
    "checkpoints": null,
    "lr": 0.001,
    "reg": 0.001,
    "filters_per_layer": [
      64,
      128,
      256,
      512
    ],
    "layers_per_block": 4,
    "pool_every": 3,
    "hidden_dims": [
      128
    ],
    "ycn": true,
    "kw": {}
  },
  "results": {
    "num_epochs": 12,
    "train_loss": [
      1.7464241981506348,
      1.304362177848816,
      1.033735752105713,
      0.8417688012123108,
      0.7062242031097412,
      0.5941962003707886,
      0.49943017959594727,
      0.41388964653015137,
      0.3770049214363098,
      0.3194372057914734,
      0.2692771553993225,
      0.24275003373622894
    ],
    "train_acc": [
      32.540000915527344,
      51.686668395996094,
      62.71333312988281,
      70.00666809082031,
      75.23999786376953,
      79.1933364868164,
      82.5999984741211,
      85.63333129882812,
      86.8133316040039,
      88.75333404541016,
      90.52666473388672,
      91.45333099365234
    ],
    "test_loss": [
      1.553943157196045,
      1.7052252292633057,
      1.3032567501068115,
      1.2726540565490723,
      1.2678966522216797,
      1.1703695058822632,
      1.3133373260498047,
      1.1325814723968506,
      1.0979863405227661,
      1.23130202293396,
      1.4751758575439453,
      1.298575520515442
    ],
    "test_acc": [
      40.216217041015625,
      40.783782958984375,
      54.135135650634766,
      55.54054260253906,
      55.62162399291992,
      60.27027130126953,
      61.4594612121582,
      64.72972869873047,
      65.9189224243164,
      65.0,
      60.297298431396484,
      63.83784103393555
    ]
  }
}