{
  "config": {
    "run_name": "exp2_L2_K64-128-256-512",
    "out_dir": "./results",
    "seed": 42,
    "bs_train": 150,
    "bs_test": 37,
    "batches": 100,
    "epochs": 50,
    "early_stopping": 3,
    "checkpoints": null,
    "lr": 0.001,
    "reg": 0.001,
    "filters_per_layer": [
      64,
      128,
      256,
      512
    ],
    "layers_per_block": 2,
    "pool_every": 2,
    "hidden_dims": [
      128
    ],
    "ycn": true,
    "kw": {}
  },
  "results": {
    "num_epochs": 14,
    "train_loss": [
      1.8793067932128906,
      1.3470869064331055,
      1.0443519353866577,
      0.8506949543952942,
      0.6984333395957947,
      0.5845916867256165,
      0.5056307911872864,
      0.4295825958251953,
      0.3587266802787781,
      0.3051987588405609,
      0.29257431626319885,
      0.2393149733543396,
      0.19239495694637299,
      0.17610719799995422
    ],
    "train_acc": [
      30.073333740234375,
      49.959999084472656,
      62.48666763305664,
      69.88666534423828,
      75.6866683959961,
      79.87333679199219,
      82.45999908447266,
      84.8133316040039,
      87.32666778564453,
      89.44667053222656,
      89.72666931152344,
      91.73999786376953,
      93.22000122070312,
      93.99333190917969
    ],
    "test_loss": [
      1.8215404748916626,
      1.5469951629638672,
      1.383780598640442,
      1.075217604637146,
      0.9855211973190308,
      1.1758743524551392,
      0.9699828624725342,
      1.0286731719970703,
      1.1642937660217285,
      1.4946496486663818,
      0.9683590531349182,
      1.2002415657043457,
      1.1252363920211792,
      1.3003360033035278
    ],
    "test_acc": [
      30.70270347595215,
      45.32432556152344,
      53.83784103393555,
      63.567569732666016,
      64.78378295898438,
      62.16216278076172,
      67.56756591796875,
      68.59459686279297,
      66.8648681640625,
      60.91891860961914,
      70.0540542602539,
      66.08108520507812,
      68.35135650634766,
      66.0540542602539
    ]
  }
}