{
  "config": {
    "run_name": "exp2_L1_K64-128-256-512",
    "out_dir": "./results",
    "seed": 42,
    "bs_train": 150,
    "bs_test": 37,
    "batches": 100,
    "epochs": 50,
    "early_stopping": 3,
    "checkpoints": null,
    "lr": 0.001,
    "reg": 0.001,
    "filters_per_layer": [
      64,
      128,
      256,
      512
    ],
    "layers_per_block": 1,
    "pool_every": 1,
    "hidden_dims": [
      128,
      56
    ],
    "ycn": true,
    "kw": {}
  },
  "results": {
    "num_epochs": 10,
    "train_loss": [
      1.5653111934661865,
      1.1115648746490479,
      0.8855637907981873,
      0.7346766591072083,
      0.6090570092201233,
      0.5122107863426208,
      0.46868231892585754,
      0.39228907227516174,
      0.3559502959251404,
      0.3121957778930664
    ],
    "train_acc": [
      41.98666763305664,
      59.80666732788086,
      68.42666625976562,
      74.37333679199219,
      79.15333557128906,
      82.45333099365234,
      83.3933334350586,
      86.33333587646484,
      87.30000305175781,
      89.05333709716797
    ],
    "test_loss": [
      1.395462155342102,
      1.855343222618103,
      1.2880796194076538,
      1.3276718854904175,
      1.3613449335098267,
      0.996476411819458,
      0.8988797664642334,
      1.1190381050109863,
      1.629329800605774,
      1.375183343887329
    ],
    "test_acc": [
      48.729732513427734,
      43.16216278076172,
      54.78378677368164,
      56.864864349365234,
      58.567569732666016,
      67.40541076660156,
      70.13513946533203,
      64.40541076660156,
      55.4594612121582,
      62.4594612121582
    ]
  }
}